{
    "config":{
        "denoise": true,
        "degibbs": false,
        "eddy": true,
        "pe_dir": "PA",
        "bias": false,
        "bias_method": "ants",
        "antsb": "[150,3]",
        "antsc": "[200x200,1e-6]",
        "antss": "2",
        "ricn": false,
        "norm": false,
        "nval": 1000,
        "doreslice": false,
        "save_extra_output": false,
        "anatalign": true,
        "ants_dwi2anat_options": "-d 3 -t r",
        "ants_qmap2anat_options": "-d 3 -t r",
        "eddy_data_is_shelled": false,
        "eddy_slm": "linear",
        "eddy_niter": 5,
        "eddy_repol": true,
        "topup_lambda": "0.005,0.001,0.0001,0.000015,0.000005,0.0000005,0.00000005,0.0000000005,0.00000000001"
    }
}
