{
    // Use IntelliSense to learn about possible attributes.
    // Hover to view descriptions of existing attributes.
    // For more information, visit: https://go.microsoft.com/fwlink/?linkid=830387
    "version": "0.2.0",
    "configurations": [
        
        {
            "name": "Python Debugger: Current File with Arguments",
            "type": "debugpy",
            "request": "launch",
            "program": "launch.py",
            "console": "integratedTerminal",
            "args": "-lcc /fileserver/project/proj_gari/training/scripts/config.yaml -ssl /fileserver/project/proj_gari/training/scripts/subSesList.txt -cc /fileserver/project/proj_gari/training/scripts/rtppreproc_1.2.0-3.0.3_config.json"
        }
    ]
}